"7000203        ","PL  ","D 550\190\400\12              ",10     ,0      ,550    ,400    ,190    ,12     ,75     ,"Y"
"700025         ","PL  ","PLYWOOD REEL 80CM  WP         ",100    ,0      ,800    ,414    ,320    ,17     ,250    ,"Y"
"700026         ","PL  ","Plywood 80CM  WP              ",100    ,0      ,800    ,500    ,320    ,17     ,250    ,"Y"
"700028         ","PL  ",".LYWOOD REEL 74CM  WP         ",50     ,0      ,740    ,580    ,320    ,17     ,175    ,"Y"
"701016B        ","IEC ","DS.DRUM 2200/1440/990MM       ",50     ,0      ,2200   ,990    ,1440   ,50     ,5000   ,"Y"
"701016B        ","ST  ","DS.DRUM 2200/1440/990MM       ",50     ,0      ,2200   ,990    ,1440   ,50     ,5000   ,"Y"
"701016C        ","IEC ","DS DRUM 2200/1440/1240MM      ",50     ,0      ,2200   ,1240   ,1440   ,50     ,5000   ,"Y"
"701016C        ","ST  ","DS DRUM 2200/1440/1240MM      ",50     ,0      ,2200   ,1240   ,1440   ,50     ,5000   ,"Y"
"70101618       ","ALL ","STEEL DRUM                    ",50     ,0      ,1800   ,1010   ,830    ,60     ,5000   ,"Y"
"70101618       ","ST  ","STEEL DRUM                    ",50     ,0      ,1800   ,1010   ,830    ,60     ,5000   ,"Y"
"70101620       ","ALL ","ST.DRUM 2000/1020/1000/xxMM   ",50     ,0      ,2000   ,1020   ,1000   ,80     ,5000   ,"Y"
"70101620       ","ST  ","ST.DRUM 2000/1020/1000/xxMM   ",50     ,0      ,2000   ,1020   ,1000   ,80     ,5000   ,"Y"
"70101622N      ","ALL ","ST.DRUM 2200/1220/1400/xxMM   ",80     ,0      ,2200   ,1220   ,1400   ,80     ,5500   ,"Y"
"70101622N      ","ST  ","ST.DRUM 2200/1220/1400/xxMM   ",80     ,0      ,2200   ,1220   ,1400   ,80     ,5500   ,"Y"
"701019         ","IEC ","STEEL DRUM 3450*2300*2400     ",100    ,0      ,3450   ,2300   ,2226   ,100    ,20000  ,"Y"
"701019         ","ST  ","STEEL DRUM 3450*2300*2400     ",100    ,0      ,3450   ,2300   ,2226   ,100    ,20000  ,"Y"
"7010193        ","IEC ","STEEL DRUM 3700*2500*2200*20  ",80     ,0      ,3700   ,2200   ,2500   ,130    ,18000  ,"Y"
"7010193        ","ST  ","STEEL DRUM 3700*2500*2200*20  ",80     ,0      ,3700   ,2200   ,2500   ,130    ,18000  ,"Y"
"701040         ","GAB ","s 3200/1900/1850              ",100    ,0      ,3200   ,1850   ,1900   ,60     ,9200   ,"Y"
"701040         ","ST  ","s 3200/1900/1850              ",100    ,0      ,3200   ,1850   ,1900   ,60     ,9200   ,"Y"
"701042         ","GAB ","S 3100/2100/1850 STEEL DRUM   ",100    ,0      ,3100   ,1850   ,2100   ,60     ,6300   ,"Y"
"701042         ","ST  ","S 3100/2100/1850 STEEL DRUM   ",100    ,0      ,3100   ,1850   ,2100   ,60     ,6300   ,"Y"
"701044         ","GAB ","S 2900/2100/1950              ",100    ,0      ,2900   ,1950   ,2100   ,60     ,5600   ,"Y"
"701044         ","ST  ","S 2900/2100/1950              ",100    ,0      ,2900   ,1950   ,2100   ,60     ,5600   ,"Y"
"701046         ","GAB ","S 2960/2100/1950              ",100    ,0      ,2960   ,1950   ,2100   ,60     ,5650   ,"Y"
"701046         ","ST  ","S 2960/2100/1950              ",100    ,0      ,2960   ,1950   ,2100   ,60     ,5650   ,"Y"
"701048         ","GAB ","S 2800/2000/2100 STEEL REEL   ",100    ,0      ,2800   ,2100   ,2000   ,60     ,15000  ,"Y"
"701048         ","ST  ","S 2800/2000/2100 STEEL REEL   ",100    ,0      ,2800   ,2100   ,2000   ,60     ,15000  ,"Y"
"701052         ","GAB ","S 3000/2000/2100   STEEL DRUM ",100    ,0      ,3000   ,2100   ,2000   ,60     ,16000  ,"Y"
"701052         ","ST  ","S 3000/2000/2100   STEEL DRUM ",100    ,0      ,3000   ,2100   ,2000   ,60     ,16000  ,"Y"
"701056         ","GAB ","STEEL DRUM 3400/2000/2000     ",100    ,0      ,3400   ,2000   ,2000   ,60     ,18000  ,"Y"
"701056         ","ST  ","STEEL DRUM 3400/2000/2000     ",100    ,0      ,3400   ,2000   ,2000   ,60     ,18000  ,"Y"
"703101         ","ALL ","WOODEN REEL 3100/2100/1950/110",50     ,0      ,3100   ,1950   ,2100   ,110    ,10000  ,"Y"
"703200         ","ALL ","WOODEN REEL 3200/2100/1950/110",50     ,0      ,3200   ,1950   ,2100   ,110    ,10000  ,"Y"
"703300         ","ALL ","WOODEN REEL 3300/2100/1950/110",50     ,0      ,3300   ,1950   ,2100   ,110    ,10000  ,"Y"
"703400         ","ALL ","WOODEN REEL 3400/2100/1950/110",50     ,0      ,3400   ,1950   ,2100   ,110    ,10000  ,"Y"
"703401         ","ALL ","WOODEN REEL 3400/2300/1800/110",50     ,0      ,3400   ,1800   ,2300   ,110    ,10000  ,"Y"
"703401         ","GAB ","WOODEN REEL 3400/2300/1800/110",50     ,0      ,3400   ,1800   ,2300   ,110    ,10000  ,"Y"
"703701         ","ALL ","WOODEN REEL 3700/2300/1800/120",50     ,0      ,3700   ,1800   ,2300   ,120    ,14000  ,"Y"
"703701         ","GAB ","WOODEN REEL 3700/2300/1800/120",50     ,0      ,3700   ,1800   ,2300   ,120    ,14000  ,"Y"
"7101X300       ","ALL ","BZ 1800/800/870/60            ",50     ,0      ,1800   ,870    ,800    ,60     ,2700   ,"Y"
"7104X095       ","ALL ","BZ 1600/710/870/60            ",50     ,0      ,1600   ,870    ,710    ,60     ,2400   ,"Y"
"7104X095       ","IEC ","BZ 1600/710/870/60            ",50     ,0      ,1600   ,870    ,710    ,60     ,2400   ,"Y"
"7104X240       ","ALL ","BZ 1800/900/870/60            ",50     ,0      ,1800   ,870    ,900    ,60     ,2700   ,"Y"
"7104X240       ","IEC ","BZ 1800/900/870/60            ",50     ,0      ,1800   ,870    ,900    ,60     ,2700   ,"Y"
"710900         ","ALL ","BZ 620/280/300/35             ",30     ,0      ,620    ,300    ,280    ,35     ,175    ,"Y"
"710900         ","BZ  ","BZ 620/280/300/35             ",30     ,0      ,620    ,300    ,280    ,35     ,175    ,"Y"
"710900         ","GAB ","BZ 620/280/300/35             ",30     ,0      ,620    ,300    ,280    ,35     ,175    ,"Y"
"710900         ","IEC ","BZ 620/280/300/35             ",30     ,0      ,620    ,300    ,280    ,35     ,175    ,"Y"
"710901         ","ALL ","BZ 710/380/400/35             ",30     ,0      ,710    ,400    ,380    ,35     ,300    ,"Y"
"710901         ","BZ  ","BZ 710/380/400/35             ",30     ,0      ,710    ,400    ,380    ,35     ,300    ,"Y"
"710901         ","GAB ","BZ 710/380/400/35             ",30     ,0      ,710    ,400    ,380    ,35     ,300    ,"Y"
"710901         ","IEC ","BZ 710/380/400/35             ",30     ,0      ,710    ,400    ,380    ,35     ,300    ,"Y"
"710902         ","ALL ","BZ 800/380/414/35             ",50     ,0      ,800    ,414    ,380    ,35     ,350    ,"Y"
"710902         ","BZ  ","BZ 800/380/414/35             ",50     ,0      ,800    ,414    ,380    ,35     ,350    ,"Y"
"710902         ","GAB ","BZ 800/380/414/35             ",50     ,0      ,800    ,414    ,380    ,35     ,350    ,"Y"
"710902         ","IEC ","BZ 800/380/414/35             ",50     ,0      ,800    ,414    ,380    ,35     ,350    ,"Y"
"710903         ","ALL ","BZ 910/500/500/42             ",50     ,0      ,910    ,500    ,500    ,42     ,580    ,"Y"
"710903         ","BZ  ","BZ 910/500/500/42             ",50     ,0      ,910    ,500    ,500    ,42     ,580    ,"Y"
"710903         ","GAB ","BZ 910/500/500/42             ",50     ,0      ,910    ,500    ,500    ,42     ,580    ,"Y"
"710903         ","IEC ","BZ 910/500/500/42             ",50     ,0      ,910    ,500    ,500    ,42     ,580    ,"Y"
"710904         ","ALL ","BZ 1000/500/500/42            ",50     ,0      ,1000   ,500    ,500    ,42     ,850    ,"Y"
"710904         ","BZ  ","BZ 1000/500/500/42            ",50     ,0      ,1000   ,500    ,500    ,42     ,850    ,"Y"
"710904         ","GAB ","BZ 1000/500/500/42            ",50     ,0      ,1000   ,500    ,500    ,42     ,850    ,"Y"
"710904         ","IEC ","BZ 1000/500/500/42            ",50     ,0      ,1000   ,500    ,500    ,42     ,850    ,"Y"
"710905         ","ALL ","BZ 1100/500/550/42            ",50     ,0      ,1100   ,550    ,500    ,42     ,1400   ,"Y"
"710905         ","BZ  ","BZ 1100/500/550/42            ",50     ,0      ,1100   ,550    ,500    ,42     ,1400   ,"Y"
"710905         ","GAB ","BZ 1100/500/550/42            ",50     ,0      ,1100   ,550    ,500    ,42     ,1400   ,"Y"
"710905         ","IEC ","BZ 1100/500/550/42            ",50     ,0      ,1100   ,550    ,500    ,42     ,1400   ,"Y"
"710907         ","ALL ","BZ 1250/500/600/54            ",50     ,0      ,1250   ,600    ,500    ,54     ,1700   ,"Y"
"710907         ","BZ  ","BZ 1250/500/600/54            ",50     ,0      ,1250   ,600    ,500    ,54     ,1700   ,"Y"
"710907         ","GAB ","BZ 1250/500/600/54            ",50     ,0      ,1250   ,600    ,500    ,54     ,1700   ,"Y"
"710907         ","IEC ","BZ 1250/500/600/54            ",50     ,0      ,1250   ,600    ,500    ,54     ,1700   ,"Y"
"710909         ","ALL ","BZ 1400/710/850/60            ",50     ,0      ,1400   ,850    ,710    ,60     ,2200   ,"Y"
"710909         ","BZ  ","BZ 1400/710/850/60            ",50     ,0      ,1400   ,850    ,710    ,60     ,2200   ,"Y"
"710909         ","DE  ","BZ 1400/710/850/60            ",50     ,0      ,1400   ,850    ,710    ,60     ,2200   ,"Y"
"710909         ","GAB ","BZ 1400/710/850/60            ",50     ,0      ,1400   ,850    ,710    ,60     ,2200   ,"Y"
"710909         ","IEC ","BZ 1400/710/850/60            ",50     ,0      ,1400   ,850    ,710    ,60     ,2200   ,"Y"
"710910         ","ALL ","BZ 1500/710/850/60            ",50     ,0      ,1500   ,850    ,710    ,60     ,2300   ,"Y"
"710910         ","BZ  ","BZ 1500/710/850/60            ",50     ,0      ,1500   ,850    ,710    ,60     ,2300   ,"Y"
"710910         ","GAB ","BZ 1500/710/850/60            ",50     ,0      ,1500   ,850    ,710    ,60     ,2300   ,"Y"
"710910         ","IEC ","BZ 1500/710/850/60            ",50     ,0      ,1500   ,850    ,710    ,60     ,2300   ,"Y"
"710911         ","ALL ","BZ 1600/710/870/60            ",50     ,0      ,1600   ,870    ,710    ,60     ,2400   ,"Y"
"710911         ","BZ  ","BZ 1600/710/870/60            ",50     ,0      ,1600   ,870    ,710    ,60     ,2400   ,"Y"
"710911         ","DE  ","BZ 1600/710/870/60            ",50     ,0      ,1600   ,870    ,710    ,60     ,2400   ,"Y"
"710911         ","GAB ","BZ 1600/710/870/60            ",50     ,0      ,1600   ,870    ,710    ,60     ,2400   ,"Y"
"710911         ","IEC ","BZ 1600/710/870/60            ",50     ,0      ,1600   ,870    ,710    ,60     ,2400   ,"Y"
"710913         ","ALL ","BZ 1700/800/870/60            ",50     ,0      ,1700   ,870    ,800    ,60     ,2500   ,"Y"
"710913         ","BZ  ","BZ 1700/800/870/60            ",50     ,0      ,1700   ,870    ,800    ,60     ,2500   ,"Y"
"710913         ","GAB ","BZ 1700/800/870/60            ",50     ,0      ,1700   ,870    ,800    ,60     ,2500   ,"Y"
"710913         ","IEC ","BZ 1700/800/870/60            ",50     ,0      ,1700   ,870    ,800    ,60     ,2500   ,"Y"
"710915         ","ALL ","BZ 1800/800/870/60            ",50     ,0      ,1800   ,870    ,800    ,60     ,2700   ,"Y"
"710915         ","BZ  ","BZ 1800/800/870/60            ",50     ,0      ,1800   ,870    ,800    ,60     ,2700   ,"Y"
"710915         ","DE  ","BZ 1800/800/870/60            ",50     ,0      ,1800   ,870    ,800    ,60     ,2700   ,"Y"
"710915         ","GAB ","BZ 1800/800/870/60            ",50     ,0      ,1800   ,870    ,800    ,60     ,2700   ,"Y"
"710915         ","IEC ","BZ 1800/800/870/60            ",50     ,0      ,1800   ,870    ,800    ,60     ,2700   ,"Y"
"710917         ","ALL ","BZ 2000/1000/870/67           ",50     ,0      ,2000   ,870    ,1000   ,67     ,3500   ,"Y"
"710917         ","BZ  ","BZ 2000/1000/870/67           ",50     ,0      ,2000   ,870    ,1000   ,67     ,3500   ,"Y"
"710917         ","DE  ","BZ 2000/1000/870/67           ",50     ,0      ,2000   ,870    ,1000   ,67     ,3500   ,"Y"
"710917         ","GAB ","BZ 2000/1000/870/67           ",50     ,0      ,2000   ,870    ,1000   ,67     ,3500   ,"Y"
"710917         ","IEC ","BZ 2000/1000/870/67           ",50     ,0      ,2000   ,870    ,1000   ,67     ,3500   ,"Y"
"710919         ","ALL ","BZ 2200/1100/870/67           ",50     ,0      ,2200   ,870    ,1100   ,67     ,3800   ,"Y"
"710919         ","BZ  ","BZ 2200/1100/870/67           ",50     ,0      ,2200   ,870    ,1100   ,67     ,3800   ,"Y"
"710919         ","GAB ","BZ 2200/1100/870/67           ",50     ,0      ,2200   ,870    ,1100   ,67     ,3800   ,"Y"
"710919         ","IEC ","BZ 2200/1100/870/67           ",50     ,0      ,2200   ,870    ,1100   ,67     ,3800   ,"Y"
"7109221        ","ALL ","PN-22-1 2200/1150/1370/70     ",50     ,0      ,2200   ,1370   ,1150   ,110    ,4000   ,"Y"
"7109221        ","GAB ","PN-22-1 2200/1150/1370/70     ",50     ,0      ,2200   ,1370   ,1150   ,110    ,4000   ,"Y"
"7109222        ","ALL ","PN-22-2 2200/1050/1150/110    ",70     ,0      ,2200   ,1050   ,1150   ,60     ,4300   ,"Y"
"7109222        ","GAB ","PN-22-2 2200/1050/1150/110    ",70     ,0      ,2200   ,1050   ,1150   ,60     ,4300   ,"Y"
"7109222        ","NEM2","PN-22-2 2200/1050/1150/110    ",70     ,0      ,2200   ,1050   ,1150   ,60     ,4300   ,"Y"
"7109223        ","ALL ","PN-223 2240/1120/1028/76      ",50     ,0      ,2240   ,1028   ,1120   ,76     ,4000   ,"Y"
"7109223        ","GAB ","PN-223 2240/1120/1028/76      ",50     ,0      ,2240   ,1028   ,1120   ,76     ,4000   ,"Y"
"7109224        ","ALL ","PN22-4 2240/1120/1300/76      ",50     ,0      ,2240   ,1300   ,1120   ,76     ,4000   ,"Y"
"7109224        ","GAB ","PN22-4 2240/1120/1300/76      ",50     ,0      ,2240   ,1300   ,1120   ,76     ,4000   ,"Y"
"7109224R       ","ALL ","PN22-4R2240/1120/1300/76 ENBW ",50     ,0      ,2240   ,1300   ,1120   ,76     ,4000   ,"Y"
"7109224R       ","DE  ","PN22-4R2240/1120/1300/76 ENBW ",50     ,0      ,2240   ,1300   ,1120   ,76     ,4000   ,"Y"
"7109224R       ","GAB ","PN22-4R2240/1120/1300/76 ENBW ",50     ,0      ,2240   ,1300   ,1120   ,76     ,4000   ,"Y"
"711300         ","ALL ","DW700/300/500/35              ",30     ,0      ,700    ,500    ,300    ,35     ,350    ,"Y"
"711300         ","BZ  ","DW700/300/500/35              ",30     ,0      ,700    ,500    ,300    ,35     ,350    ,"Y"
"711300         ","GAB ","DW700/300/500/35              ",30     ,0      ,700    ,500    ,300    ,35     ,350    ,"Y"
"711597         ","PL  ","74x74x50(CM)                  ",20     ,0      ,740    ,500    ,320    ,15     ,200    ,"Y"
"712042RC       ","GAB ","HD2 42/26/18/2.0  RC          ",50     ,0      ,1067   ,660    ,450    ,50     ,1400   ,"Y"
"712042RC       ","NEM2","HD2 42/26/18/2.0  RC          ",50     ,0      ,1067   ,660    ,450    ,50     ,1400   ,"Y"
"712042RC1      ","GAB ","HD2 42/28/20/2.375RC          ",50     ,0      ,1067   ,711    ,508    ,60     ,1600   ,"Y"
"712042RC1      ","NEM2","HD2 42/28/20/2.375RC          ",50     ,0      ,1067   ,711    ,508    ,60     ,1600   ,"Y"
"712045RC       ","GAB ","HD2 45/28/21/2.0  RC (INCH)   ",50     ,0      ,1143   ,711    ,533    ,50     ,1700   ,"Y"
"712045RC       ","NEM2","HD2 45/28/21/2.0  RC (INCH)   ",50     ,0      ,1143   ,711    ,533    ,50     ,1700   ,"Y"
"7120501RC      ","GAB ","HD2 50/32/21/2.0 RC           ",50     ,0      ,1270   ,813    ,533    ,50     ,2000   ,"Y"
"7120501RC      ","NEM2","HD2 50/32/21/2.0 RC           ",50     ,0      ,1270   ,813    ,533    ,50     ,2000   ,"Y"
"7120502        ","ALL ","DW HD2 50/32/24/2.125 (INCH)  ",50     ,0      ,1270   ,813    ,610    ,54     ,2160   ,"Y"
"7120502        ","GAB ","DW HD2 50/32/24/2.125 (INCH)  ",50     ,0      ,1270   ,813    ,610    ,54     ,2160   ,"Y"
"7120502        ","NEM2","DW HD2 50/32/24/2.125 (INCH)  ",50     ,0      ,1270   ,813    ,610    ,54     ,2160   ,"Y"
"712054         ","ALL ","DW HD2 54/32/26/2.125 (INCH)  ",50     ,0      ,1372   ,813    ,660    ,54     ,2950   ,"Y"
"712054         ","GAB ","DW HD2 54/32/26/2.125 (INCH)  ",50     ,0      ,1372   ,813    ,660    ,54     ,2950   ,"Y"
"712054         ","NEM2","DW HD2 54/32/26/2.125 (INCH)  ",50     ,0      ,1372   ,813    ,660    ,54     ,2950   ,"Y"
"712054RC       ","GAB ","HD2 54/32/24/2.25  RC (INCH)  ",50     ,0      ,1372   ,813    ,609    ,57     ,3100   ,"Y"
"712054RC       ","NEM2","HD2 54/32/24/2.25  RC (INCH)  ",50     ,0      ,1372   ,813    ,609    ,57     ,3100   ,"Y"
"712058         ","ALL ","HD2 58/32/28/2.125 WC  INCH)  ",50     ,0      ,1473   ,813    ,711    ,54     ,2950   ,"Y"
"712058         ","GAB ","HD2 58/32/28/2.125 WC  INCH)  ",50     ,0      ,1473   ,813    ,711    ,54     ,2950   ,"Y"
"712058         ","NEM2","HD2 58/32/28/2.125 WC  INCH)  ",50     ,0      ,1473   ,813    ,711    ,54     ,2950   ,"Y"
"712058RC       ","GAB ","DW HD2 58/32/24/2.5 (INCH)    ",50     ,0      ,1473   ,812    ,609    ,54     ,2950   ,"Y"
"712058RC       ","NEM2","DW HD2 58/32/24/2.5 (INCH)    ",50     ,0      ,1473   ,812    ,609    ,54     ,2950   ,"Y"
"712058RC1      ","GAB ","DW HD2 58/25/24/3.0   (INCH)  ",50     ,0      ,1473   ,635    ,609    ,76     ,2950   ,"Y"
"712058RC1      ","NEM2","DW HD2 58/25/24/3.0   (INCH)  ",50     ,0      ,1473   ,635    ,609    ,76     ,2950   ,"Y"
"712060RC       ","GAB ","HD2 60/36/24/2.5 RC  (INCH)   ",50     ,0      ,1524   ,914    ,609    ,63     ,3250   ,"Y"
"712060RC       ","NEM2","HD2 60/36/24/2.5 RC  (INCH)   ",50     ,0      ,1524   ,914    ,609    ,63     ,3250   ,"Y"
"712060RC1      ","GAB ","HD2 60/32/24/2.375 RC         ",50     ,0      ,1524   ,812    ,609    ,60     ,3200   ,"Y"
"712060RC1      ","NEM2","HD2 60/32/24/2.375 RC         ",50     ,0      ,1524   ,812    ,609    ,60     ,3200   ,"Y"
"712060RC2      ","GAB ","HD2 60/30/24/2.75 RC          ",50     ,0      ,1524   ,762    ,609    ,70     ,3300   ,"Y"
"712060RC2      ","NEM2","HD2 60/30/24/2.75 RC          ",50     ,0      ,1524   ,762    ,609    ,70     ,3300   ,"Y"
"712066         ","ALL ","DW HD2 66/32/36/2.75 (INCH)   ",50     ,0      ,1676   ,813    ,914    ,55     ,3175   ,"Y"
"712066         ","GAB ","DW HD2 66/32/36/2.75 (INCH)   ",50     ,0      ,1676   ,813    ,914    ,55     ,3175   ,"Y"
"712066         ","NEM2","DW HD2 66/32/36/2.75 (INCH)   ",50     ,0      ,1676   ,813    ,914    ,55     ,3175   ,"Y"
"712067         ","ALL ","DW HD2 66/36/36/2.75 (INCH)   ",50     ,0      ,1676   ,914    ,914    ,55     ,3630   ,"Y"
"712067         ","GAB ","DW HD2 66/36/36/2.75 (INCH)   ",50     ,0      ,1676   ,914    ,914    ,55     ,3630   ,"Y"
"712067         ","NEM2","DW HD2 66/36/36/2.75 (INCH)   ",50     ,0      ,1676   ,914    ,914    ,55     ,3630   ,"Y"
"712069         ","ALL ","DW HD2 69/39/35/2.75 (INCH)   ",50     ,0      ,1752   ,990    ,890    ,55     ,3175   ,"Y"
"712069         ","GAB ","DW HD2 69/39/35/2.75 (INCH)   ",50     ,0      ,1752   ,990    ,890    ,55     ,3175   ,"Y"
"712069         ","NEM2","DW HD2 69/39/35/2.75 (INCH)   ",50     ,0      ,1752   ,990    ,890    ,55     ,3175   ,"Y"
"712072         ","ALL ","DW HD2 72/36/36/3       (INCH)",50     ,0      ,1829   ,914    ,914    ,76     ,3630   ,"Y"
"712072         ","GAB ","DW HD2 72/36/36/3       (INCH)",50     ,0      ,1829   ,914    ,914    ,76     ,3630   ,"Y"
"712072         ","NEM2","DW HD2 72/36/36/3       (INCH)",50     ,0      ,1829   ,914    ,914    ,76     ,3630   ,"Y"
"712073         ","ALL ","DW HD2 72/48/36/3 (INCH)      ",50     ,0      ,1829   ,1219   ,914    ,56     ,3630   ,"Y"
"712073         ","GAB ","DW HD2 72/48/36/3 (INCH)      ",50     ,0      ,1829   ,1219   ,914    ,56     ,3630   ,"Y"
"712073         ","NEM2","DW HD2 72/48/36/3 (INCH)      ",50     ,0      ,1829   ,1219   ,914    ,56     ,3630   ,"Y"
"712078         ","ALL ","DW HD2 78/48/42/3       INCH  ",50     ,0      ,1981   ,1219   ,1067   ,76     ,4080   ,"Y"
"712078         ","GAB ","DW HD2 78/48/42/3       INCH  ",50     ,0      ,1981   ,1219   ,1067   ,76     ,4080   ,"Y"
"712078         ","NEM2","DW HD2 78/48/42/3       INCH  ",50     ,0      ,1981   ,1219   ,1067   ,76     ,4080   ,"Y"
"712080         ","ALL ","DW HD2 80/39/42/3 INCH        ",50     ,0      ,2032   ,991    ,1067   ,76     ,4100   ,"Y"
"712080         ","GAB ","DW HD2 80/39/42/3 INCH        ",50     ,0      ,2032   ,991    ,1067   ,76     ,4100   ,"Y"
"712080         ","NEM2","DW HD2 80/39/42/3 INCH        ",50     ,0      ,2032   ,991    ,1067   ,76     ,4100   ,"Y"
"7120801        ","ALL ","DW 80/39/30/3 UTILI  (INCH)   ",50     ,0      ,2032   ,991    ,762    ,76     ,4100   ,"Y"
"7120801        ","GAB ","DW 80/39/30/3 UTILI  (INCH)   ",50     ,0      ,2032   ,991    ,762    ,76     ,4100   ,"Y"
"7120801        ","NEM2","DW 80/39/30/3 UTILI  (INCH)   ",50     ,0      ,2032   ,991    ,762    ,76     ,4100   ,"Y"
"7120802        ","ALL ","DW HD2 80/39/35/3 UTIL (INCH) ",50     ,0      ,2032   ,991    ,889    ,76     ,4100   ,"Y"
"7120802        ","GAB ","DW HD2 80/39/35/3 UTIL (INCH) ",50     ,0      ,2032   ,991    ,889    ,76     ,4100   ,"Y"
"7120802        ","NEM2","DW HD2 80/39/35/3 UTIL (INCH) ",50     ,0      ,2032   ,991    ,889    ,76     ,4100   ,"Y"
"712084RC       ","GAB ","HD2 84/48/48/3.0 RC  (INCH)   ",50     ,0      ,2134   ,1219   ,1219   ,76     ,4400   ,"Y"
"712084RC       ","NEM2","HD2 84/48/48/3.0 RC  (INCH)   ",50     ,0      ,2134   ,1219   ,1219   ,76     ,4400   ,"Y"
"7120841        ","ALL ","DW HD2 84/39/30/3.25 UTI(INCH)",50     ,0      ,2134   ,990    ,762    ,82     ,4600   ,"Y"
"7120841        ","IEC ","DW HD2 84/39/30/3.25 UTI(INCH)",50     ,0      ,2134   ,990    ,762    ,82     ,4600   ,"Y"
"7120841        ","NEM2","DW HD2 84/39/30/3.25 UTI(INCH)",50     ,0      ,2134   ,990    ,762    ,82     ,4600   ,"Y"
"712086         ","ALL ","DW HD2 86.5/48/43/3.25 INCH   ",75     ,0      ,2200   ,1220   ,1092   ,82     ,4650   ,"Y"
"712086         ","DE  ","DW HD2 86.5/48/43/3.25 INCH   ",75     ,0      ,2200   ,1220   ,1092   ,82     ,4650   ,"Y"
"712086         ","GAB ","DW HD2 86.5/48/43/3.25 INCH   ",75     ,0      ,2200   ,1220   ,1092   ,82     ,4650   ,"Y"
"712086         ","NEM2","DW HD2 86.5/48/43/3.25 INCH   ",75     ,0      ,2200   ,1220   ,1092   ,82     ,4650   ,"Y"
"712086W        ","DE  ","DW HD2 86.5/48/43/4.00 ENBW   ",75     ,0      ,2200   ,1220   ,1092   ,100    ,4650   ,"Y"
"7120861        ","ALL ","DW HD2 86.5/54/40/3.25 INCH   ",75     ,0      ,2200   ,1371   ,1016   ,82     ,4700   ,"Y"
"7120861        ","DE  ","DW HD2 86.5/54/40/3.25 INCH   ",75     ,0      ,2200   ,1371   ,1016   ,82     ,4700   ,"Y"
"7120861        ","GAB ","DW HD2 86.5/54/40/3.25 INCH   ",75     ,0      ,2200   ,1371   ,1016   ,82     ,4700   ,"Y"
"7120861        ","NEM2","DW HD2 86.5/54/40/3.25 INCH   ",75     ,0      ,2200   ,1371   ,1016   ,82     ,4700   ,"Y"
"7120863        ","DE  ","DW HD2 86/59/63/3.25 (inch)   ",75     ,0      ,2200   ,1498   ,1600   ,52     ,4650   ,"Y"
"7120863        ","NEM2","DW HD2 86/59/63/3.25 (inch)   ",75     ,0      ,2200   ,1498   ,1600   ,52     ,4650   ,"Y"
"7120972H       ","ALL ","HD2 97/69/48/3.55             ",80     ,0      ,2465   ,1752   ,1220   ,90     ,8000   ,"Y"
"7120972H       ","GAB ","HD2 97/69/48/3.55             ",80     ,0      ,2465   ,1752   ,1220   ,90     ,8000   ,"Y"
"7120972H       ","IEC ","HD2 97/69/48/3.55             ",80     ,0      ,2465   ,1752   ,1220   ,90     ,8000   ,"Y"
"7120972H       ","NEM2","HD2 97/69/48/3.55             ",80     ,0      ,2465   ,1752   ,1220   ,90     ,8000   ,"Y"
"7120972HB      ","ALL ","HD2 97/69/42/3.55 8ton  246 WD",80     ,0      ,2465   ,1752   ,1066   ,90     ,8000   ,"Y"
"7120972HB      ","DE  ","HD2 97/69/42/3.55 8ton  246 WD",80     ,0      ,2465   ,1752   ,1066   ,90     ,8000   ,"Y"
"7120972HB      ","GAB ","HD2 97/69/42/3.55 8ton  246 WD",80     ,0      ,2465   ,1752   ,1066   ,90     ,8000   ,"Y"
"7120972L       ","ALL ","HD2 97/57.5/51/3.25           ",60     ,0      ,2465   ,1460   ,1295   ,82     ,5000   ,"Y"
"7120972L       ","DE  ","HD2 97/57.5/51/3.25           ",60     ,0      ,2465   ,1460   ,1295   ,82     ,5000   ,"Y"
"7120972L       ","NEM2","HD2 97/57.5/51/3.25           ",60     ,0      ,2465   ,1460   ,1295   ,82     ,5000   ,"Y"
"7120972N       ","ALL ","HD2 97/69/48/3.25             ",80     ,0      ,2465   ,1752   ,1219   ,82     ,6500   ,"Y"
"7120972N       ","DE  ","HD2 97/69/48/3.25             ",80     ,0      ,2465   ,1752   ,1219   ,82     ,6500   ,"Y"
"7120972N       ","GAB ","HD2 97/69/48/3.25             ",80     ,0      ,2465   ,1752   ,1219   ,82     ,6500   ,"Y"
"7120972N       ","IEC ","HD2 97/69/48/3.25             ",80     ,0      ,2465   ,1752   ,1219   ,82     ,6500   ,"Y"
"7120972N       ","NEM2","HD2 97/69/48/3.25             ",80     ,0      ,2465   ,1752   ,1219   ,82     ,6500   ,"Y"
"7120973        ","ALL ","HD2 97/69/67/2.5              ",80     ,0      ,2464   ,1752   ,1701   ,64     ,3500   ,"Y"
"7120973        ","GAB ","HD2 97/69/67/2.5              ",80     ,0      ,2464   ,1752   ,1701   ,64     ,3500   ,"Y"
"7120973        ","NEM2","HD2 97/69/67/2.5              ",80     ,0      ,2464   ,1752   ,1701   ,64     ,3500   ,"Y"
"7121141        ","ALL ","HD2 114/63/83/3.25            ",50     ,0      ,2895   ,1600   ,2108   ,82     ,5500   ,"Y"
"7121141        ","GAB ","HD2 114/63/83/3.25            ",50     ,0      ,2895   ,1600   ,2108   ,82     ,5500   ,"Y"
"7121141        ","NEM2","HD2 114/63/83/3.25            ",50     ,0      ,2895   ,1600   ,2108   ,82     ,5500   ,"Y"
"7121142        ","ALL ","HD2 114/73/83/3.25            ",50     ,0      ,2895   ,1854   ,2108   ,81     ,5500   ,"Y"
"7121142        ","GAB ","HD2 114/73/83/3.25            ",50     ,0      ,2895   ,1854   ,2108   ,81     ,5500   ,"Y"
"7121142        ","NEM2","HD2 114/73/83/3.25            ",50     ,0      ,2895   ,1854   ,2108   ,81     ,5500   ,"Y"
